,temperature,pressure,vibration,humidity,equipment,faulty,equipment_name,timestamp
2000,111.31044319795645,53.78193714064978,2.4933387005947845,73.7394981688422,Turbine,1.0,Turbine-1,2024-01-01 00:00:00
2002,61.97719972860457,43.55557910499352,1.5777625187918285,49.21488295238244,Turbine,0.0,Turbine-1,2024-01-01 01:00:00
2004,76.32454216642302,40.43505098409525,1.3404409551510483,58.59172760673987,Turbine,0.0,Turbine-1,2024-01-01 02:00:00
2006,70.43040870850388,43.28732967545627,2.3296353321095955,45.73208604601474,Turbine,0.0,Turbine-1,2024-01-01 03:00:00
2008,68.67830644355628,41.041479790431545,1.8521693005737976,49.91923463521631,Turbine,0.0,Turbine-1,2024-01-01 04:00:00
2010,77.00309879408991,42.145506777658014,0.5441788945404785,32.29225577408944,Turbine,0.0,Turbine-1,2024-01-01 05:00:00
2012,78.20344012612456,36.49685680100073,1.6000470295641969,49.30666291850698,Turbine,0.0,Turbine-1,2024-01-01 06:00:00
2014,65.0232747657096,28.417059160016176,1.2375537171817574,65.34946274031512,Turbine,0.0,Turbine-1,2024-01-01 07:00:00
2016,73.00474359610828,44.33774186643498,1.5713106963344414,48.24403865337048,Turbine,0.0,Turbine-1,2024-01-01 08:00:00
2018,77.33054281465999,45.361188353562746,1.3123524151432897,57.30157164031442,Turbine,0.0,Turbine-1,2024-01-01 09:00:00
2020,86.39964529371393,41.87704629483877,0.3502722381650507,42.28963685858977,Turbine,0.0,Turbine-1,2024-01-01 10:00:00
2022,62.339547975996,38.72853398622883,1.6769884425318378,43.35146012897505,Turbine,0.0,Turbine-1,2024-01-01 11:00:00
2024,21.829263541852495,29.230074976088478,4.875237762903527,38.81993973676487,Turbine,1.0,Turbine-1,2024-01-01 12:00:00
2026,83.06072203871629,30.309719603582785,1.2506574880318102,47.61135608820362,Turbine,0.0,Turbine-1,2024-01-01 13:00:00
2028,65.17090160539482,35.10060615680251,1.4568075078242506,38.63610649267669,Turbine,0.0,Turbine-1,2024-01-01 14:00:00
2030,52.86865470909122,30.88049034853382,0.9142584350145068,38.39626548932,Turbine,0.0,Turbine-1,2024-01-01 15:00:00
2032,66.58178179753864,46.35875589898443,2.4229006601859657,50.50447442774461,Turbine,0.0,Turbine-1,2024-01-01 16:00:00
2034,67.2745527863819,31.158701734455644,1.115902882497259,57.71803000274179,Turbine,0.0,Turbine-1,2024-01-01 17:00:00
2036,122.98582559343484,73.06833648723271,4.447439533271396,53.27726116322587,Turbine,1.0,Turbine-1,2024-01-01 18:00:00
2038,78.33603204837348,44.51303825162773,1.199173785555438,67.1676274918435,Turbine,0.0,Turbine-1,2024-01-01 19:00:00
2040,54.19396059190831,37.25266724068668,1.9594023233511784,44.37700815105119,Turbine,0.0,Turbine-1,2024-01-01 20:00:00
2042,116.8295005889844,52.55617713674614,3.7313353504184255,23.452308342653797,Turbine,1.0,Turbine-1,2024-01-01 21:00:00
2044,70.07063158628176,26.14613609816439,1.2103473457104783,49.19383635184918,Turbine,0.0,Turbine-1,2024-01-01 22:00:00
2046,66.48486515958692,34.23727127042654,1.92655513222487,61.07310533939342,Turbine,0.0,Turbine-1,2024-01-01 23:00:00
2048,71.29368006703818,31.107314642394773,1.6292300871595344,48.657726160660594,Turbine,0.0,Turbine-1,2024-01-02 00:00:00
2050,74.93317900880889,36.13635583064436,1.1387016092992612,46.14284630961592,Turbine,0.0,Turbine-1,2024-01-02 01:00:00
2052,72.91563676681973,43.910899183857765,0.5445170322038975,51.218013223133696,Turbine,0.0,Turbine-1,2024-01-02 02:00:00
2054,63.97179344216038,38.66033547203825,2.388822409409715,43.53632329654031,Turbine,0.0,Turbine-1,2024-01-02 03:00:00
2056,56.474913105592776,28.83505639899729,1.5088209043675098,56.51448050871107,Turbine,0.0,Turbine-1,2024-01-02 04:00:00
2058,71.03538153949175,28.393702997963945,2.1026847778922453,57.60829211522517,Turbine,0.0,Turbine-1,2024-01-02 05:00:00
2060,63.66768603285023,36.662825905101165,0.8883464761067482,37.37149759851568,Turbine,0.0,Turbine-1,2024-01-02 06:00:00
2062,98.47414195154496,16.93785821370415,2.946179965532789,34.504245356315025,Turbine,1.0,Turbine-1,2024-01-02 07:00:00
2064,67.4382024750462,23.923855844600027,1.1046446902557163,26.51998865595656,Turbine,0.0,Turbine-1,2024-01-02 08:00:00
2066,49.81512135611362,25.47403359410663,2.375704536874456,48.28490841108759,Turbine,0.0,Turbine-1,2024-01-02 09:00:00
2068,65.16114165945679,24.94747731243652,2.278839635911121,49.00879480843377,Turbine,0.0,Turbine-1,2024-01-02 10:00:00
2070,60.95683374895592,31.392047863765526,2.0980751107630637,44.30830222319211,Turbine,0.0,Turbine-1,2024-01-02 11:00:00
2072,82.20282896417717,47.01503307037055,2.911000124919199,42.96793119871801,Turbine,0.0,Turbine-1,2024-01-02 12:00:00
2074,76.8021610545045,37.73780463539477,1.569726233014599,35.02372133930493,Turbine,0.0,Turbine-1,2024-01-02 13:00:00
2076,86.53617268492285,42.02923880144303,1.663335460771084,69.25927320502261,Turbine,0.0,Turbine-1,2024-01-02 14:00:00
2078,54.357583882889486,30.872152085207365,1.259789890298253,45.83845202887049,Turbine,0.0,Turbine-1,2024-01-02 15:00:00
2080,67.20492536703466,46.47107574557016,1.046251809632004,53.03404670597255,Turbine,0.0,Turbine-1,2024-01-02 16:00:00
2082,70.71566237219392,30.997911867306595,1.472872698567926,37.5784664920839,Turbine,0.0,Turbine-1,2024-01-02 17:00:00
2084,66.6592276902006,39.07610851143749,1.5554402514464187,54.49525088160211,Turbine,0.0,Turbine-1,2024-01-02 18:00:00
2086,80.37158898658242,14.81234109990024,0.8642279639366164,51.116108572446606,Turbine,0.0,Turbine-1,2024-01-02 19:00:00
2088,70.36782833174234,30.6276136301082,1.5840128008797658,48.14989122501446,Turbine,0.0,Turbine-1,2024-01-02 20:00:00
2090,89.87061111699441,33.07420556808759,0.9014167036548848,61.38097094110448,Turbine,0.0,Turbine-1,2024-01-02 21:00:00
2092,67.11451304124296,26.72321632314676,1.5589221630706502,37.50703074264854,Turbine,0.0,Turbine-1,2024-01-02 22:00:00
2094,80.3718140564905,44.80883668267255,1.808919109439611,48.42997331543082,Turbine,0.0,Turbine-1,2024-01-02 23:00:00
2096,77.54291329813574,39.24274321336464,1.7224374583385615,37.8971088576962,Turbine,0.0,Turbine-1,2024-01-03 00:00:00
2098,64.4988471706346,51.48338158755759,2.120469593692403,55.6902814598146,Turbine,0.0,Turbine-1,2024-01-03 01:00:00
2100,55.93338903151778,43.66866482487997,1.3372432935025318,48.534817209884594,Turbine,0.0,Turbine-1,2024-01-03 02:00:00
2102,92.18780233448136,36.50353421146205,1.7082617723575857,50.58163898972264,Turbine,0.0,Turbine-1,2024-01-03 03:00:00
2104,71.85175536829914,30.62988792658028,1.2891115678061849,39.467548398661286,Turbine,0.0,Turbine-1,2024-01-03 04:00:00
2106,70.72153236821761,25.152172025557924,1.7652448992649363,52.25392582011271,Turbine,0.0,Turbine-1,2024-01-03 05:00:00
2108,70.56649924897107,31.16224882587091,1.2660381388333763,51.47422441422612,Turbine,0.0,Turbine-1,2024-01-03 06:00:00
2110,54.99523450836998,27.188595682147213,1.5466825964657973,61.20450491510532,Turbine,0.0,Turbine-1,2024-01-03 07:00:00
2112,63.91993857062676,28.26163426583945,1.5074080049652527,53.136227104842696,Turbine,0.0,Turbine-1,2024-01-03 08:00:00
2114,119.8801983222362,68.94885530460954,2.56644763120664,66.46238799962353,Turbine,1.0,Turbine-1,2024-01-03 09:00:00
2116,73.67365506816178,28.99671897796275,1.228958222476061,37.52810007887071,Turbine,0.0,Turbine-1,2024-01-03 10:00:00
2118,81.88393273448084,36.54725093751774,1.225222802070207,61.93982273178844,Turbine,0.0,Turbine-1,2024-01-03 11:00:00
2120,83.33885745500572,41.07210376465751,1.510986647981608,60.8493977418748,Turbine,0.0,Turbine-1,2024-01-03 12:00:00
2122,58.12234760082473,29.55272936691444,1.5877068209132057,46.28740421605984,Turbine,0.0,Turbine-1,2024-01-03 13:00:00
2124,79.85060549132581,63.270621841485465,3.390302397692256,43.561195668391605,Turbine,1.0,Turbine-1,2024-01-03 14:00:00
2126,69.68560829625224,23.085725884478254,2.518021416420056,55.57786723886163,Turbine,0.0,Turbine-1,2024-01-03 15:00:00
2128,71.79581781939598,39.90612435728915,1.9102884058344736,68.12140587307766,Turbine,0.0,Turbine-1,2024-01-03 16:00:00
2130,79.28245691344324,28.522116260881507,0.8915187115782401,61.16098665772553,Turbine,0.0,Turbine-1,2024-01-03 17:00:00
2132,20.099728465629426,32.023789401938174,3.754867287820847,22.318567350450287,Turbine,1.0,Turbine-1,2024-01-03 18:00:00
2134,64.76268697228578,37.09613259486781,0.5946002108401596,67.7088220766044,Turbine,0.0,Turbine-1,2024-01-03 19:00:00
2136,63.610382523104974,32.69475175591106,1.643633964560396,47.5190295036819,Turbine,0.0,Turbine-1,2024-01-03 20:00:00
2138,61.575673698736736,43.58672141490836,1.426311887401091,68.22072865538541,Turbine,0.0,Turbine-1,2024-01-03 21:00:00
2140,74.89374561227918,38.17093565173881,1.826040118677454,71.7009499187626,Turbine,0.0,Turbine-1,2024-01-03 22:00:00
2142,62.60971341976767,35.3525170793035,2.005185425095166,49.68438287367711,Turbine,0.0,Turbine-1,2024-01-03 23:00:00
2144,71.44887833096891,40.0858122115244,1.39226164191783,65.09701819187646,Turbine,0.0,Turbine-1,2024-01-04 00:00:00
2146,49.4656995521955,57.44954636261344,0.1078570220672353,39.93301893975156,Turbine,1.0,Turbine-1,2024-01-04 01:00:00
2148,71.36746647399231,32.86396990586375,2.1524701020040165,46.63814196378048,Turbine,0.0,Turbine-1,2024-01-04 02:00:00
2150,64.00607354555977,43.60177232945533,1.5935344689883,43.62195932522465,Turbine,0.0,Turbine-1,2024-01-04 03:00:00
2152,46.09695632530562,32.74300045489812,1.8535294292006017,58.673995414892666,Turbine,0.0,Turbine-1,2024-01-04 04:00:00
2154,67.40957854179297,42.26418130028953,1.4329233365037974,60.25406570751287,Turbine,0.0,Turbine-1,2024-01-04 05:00:00
2156,64.75551863737348,40.593699509375895,1.4336591101400522,54.40918827808359,Turbine,0.0,Turbine-1,2024-01-04 06:00:00
2158,15.400383075661708,60.30044868140172,0.4057065052226555,69.0883830859,Turbine,1.0,Turbine-1,2024-01-04 07:00:00
2160,60.48081539977764,42.57294646664349,1.7483688783878593,52.373481194895305,Turbine,0.0,Turbine-1,2024-01-04 08:00:00
2162,79.64087168288357,33.3812887450393,2.35755910908939,50.86885139877812,Turbine,0.0,Turbine-1,2024-01-04 09:00:00
2164,69.45705133482188,22.79542633551133,1.9939172106539969,48.653845669367705,Turbine,0.0,Turbine-1,2024-01-04 10:00:00
2166,65.90691525904279,31.93524063072165,2.3548529503036653,44.81598024745222,Turbine,0.0,Turbine-1,2024-01-04 11:00:00
2168,51.95117899335481,35.31771057375708,2.042835954591819,44.871811905436566,Turbine,0.0,Turbine-1,2024-01-04 12:00:00
2170,73.2557781678707,33.65329892610247,1.0130669231533718,51.63925953433372,Turbine,0.0,Turbine-1,2024-01-04 13:00:00
2172,69.18477326898355,43.83997761443531,1.2442812356087305,53.76815071040777,Turbine,0.0,Turbine-1,2024-01-04 14:00:00
2174,68.75978612610002,48.83440692835805,1.873593295062547,38.94219713940296,Turbine,0.0,Turbine-1,2024-01-04 15:00:00
2176,68.27053940076577,38.024370083423065,1.300334988549894,27.823534792802395,Turbine,0.0,Turbine-1,2024-01-04 16:00:00
2178,84.78071898356444,40.14173722105187,2.473349231182781,36.11059480936945,Turbine,0.0,Turbine-1,2024-01-04 17:00:00
2180,75.26897923665794,30.278283102396085,2.4273310669297925,60.447112417646,Turbine,0.0,Turbine-1,2024-01-04 18:00:00
2182,72.56029734313876,35.71516223145291,1.7600882108001357,62.03874741793595,Turbine,0.0,Turbine-1,2024-01-04 19:00:00
2184,77.1573424117084,48.27095755564264,1.7832327420547671,44.28245747642335,Turbine,0.0,Turbine-1,2024-01-04 20:00:00
2186,73.60647891435795,34.339891848708845,1.6772032837371695,37.65999879260072,Turbine,0.0,Turbine-1,2024-01-04 21:00:00
2188,67.18874515111914,23.398694663706387,1.5068278319187287,46.12145476190627,Turbine,0.0,Turbine-1,2024-01-04 22:00:00
2190,67.78463402416261,35.12098609267643,0.90027687102232,39.97612355383515,Turbine,0.0,Turbine-1,2024-01-04 23:00:00
2192,73.59475797547125,38.928031567662025,1.9924750515029253,55.356375884651634,Turbine,0.0,Turbine-1,2024-01-05 00:00:00
2194,46.49544147375639,37.81568859366445,1.2147576571794614,40.91529965698611,Turbine,0.0,Turbine-1,2024-01-05 01:00:00
2196,59.73919155804376,44.39073616293362,1.697734720022792,49.70853648509429,Turbine,0.0,Turbine-1,2024-01-05 02:00:00
2198,61.54326895505887,45.8488537136826,1.5500243138888723,48.43624522645038,Turbine,0.0,Turbine-1,2024-01-05 03:00:00
2200,69.8210502299165,38.05693736474014,0.2548591458118356,47.25567973027548,Turbine,0.0,Turbine-1,2024-01-05 04:00:00
2202,58.48985916380493,36.54289474520152,0.6331164549958759,61.41537660235113,Turbine,0.0,Turbine-1,2024-01-05 05:00:00
2204,59.10366962657612,18.57210761075289,1.4057915765456368,38.13777738488957,Turbine,0.0,Turbine-1,2024-01-05 06:00:00
2206,127.6280918271632,46.38845309736142,3.728451465574186,27.14952775266181,Turbine,1.0,Turbine-1,2024-01-05 07:00:00
2208,60.44877420650647,24.10365303316194,1.353702625046195,51.5769421996281,Turbine,0.0,Turbine-1,2024-01-05 08:00:00
2210,63.9601481328418,26.552081504585253,1.03441736961152,42.671868388963006,Turbine,0.0,Turbine-1,2024-01-05 09:00:00
2212,77.89056687375519,25.48847105557321,2.2384610111073497,41.03915302119951,Turbine,0.0,Turbine-1,2024-01-05 10:00:00
2214,82.27034597048872,25.662324115085127,1.061623884264384,43.62774301954098,Turbine,0.0,Turbine-1,2024-01-05 11:00:00
2216,74.24165946401916,32.45473198705657,1.0792462705442345,57.80395594585185,Turbine,0.0,Turbine-1,2024-01-05 12:00:00
2218,62.25385029981418,32.31146642795407,1.147007417250545,54.683579229637296,Turbine,0.0,Turbine-1,2024-01-05 13:00:00
2220,56.17982431307563,28.309291708029697,1.4686257372154243,53.365920389020616,Turbine,0.0,Turbine-1,2024-01-05 14:00:00
2222,73.22070350174602,77.74332691745795,2.5487467604626515,29.9839670833995,Turbine,1.0,Turbine-1,2024-01-05 15:00:00
2224,75.228354880355,39.80586412116473,1.8165975893359576,39.7453015560174,Turbine,0.0,Turbine-1,2024-01-05 16:00:00
2226,57.89839497019115,22.959473144770364,0.911540053934208,61.99248998413756,Turbine,0.0,Turbine-1,2024-01-05 17:00:00
2228,67.58569435275007,23.14018787709086,0.5452086164015492,49.916019826656566,Turbine,0.0,Turbine-1,2024-01-05 18:00:00
2230,139.05064865262986,14.684032755270303,3.748010285287726,28.807279519717124,Turbine,1.0,Turbine-1,2024-01-05 19:00:00
2232,87.48137069120835,33.292538423296605,1.849216391031488,51.693137238538576,Turbine,0.0,Turbine-1,2024-01-05 20:00:00
2234,73.70211889941741,21.61532789995408,0.925896354014145,67.00288642297991,Turbine,0.0,Turbine-1,2024-01-05 21:00:00
2236,77.88950021972678,66.96727084466815,0.4602674031305931,30.512304518988465,Turbine,1.0,Turbine-1,2024-01-05 22:00:00
2238,59.84905808172131,42.38382052112345,1.5308941351148242,69.53656747976723,Turbine,0.0,Turbine-1,2024-01-05 23:00:00
2240,57.63864203969538,37.08947633023703,1.335723374104851,54.60638122953821,Turbine,0.0,Turbine-1,2024-01-06 00:00:00
2242,55.98148937207719,25.74446882216423,1.3522595930496089,41.428652895654594,Turbine,0.0,Turbine-1,2024-01-06 01:00:00
2244,62.48208949904816,31.040283592874395,1.492025136511615,36.3306084141789,Turbine,0.0,Turbine-1,2024-01-06 02:00:00
2246,91.22156197012632,28.79964029587008,1.0645383650649949,51.40180031001593,Turbine,0.0,Turbine-1,2024-01-06 03:00:00
2248,69.70783594146015,33.70508187713816,2.3730387591470974,41.88026707271689,Turbine,0.0,Turbine-1,2024-01-06 04:00:00
2250,70.07050877502374,74.09656864257515,1.3997814188329327,30.04079148444028,Turbine,1.0,Turbine-1,2024-01-06 05:00:00
2252,59.96561096500496,40.0552027132625,1.5683663279357551,53.74309066189856,Turbine,0.0,Turbine-1,2024-01-06 06:00:00
2254,53.33236593210802,31.31547176192354,2.146146873442354,45.53081637713984,Turbine,0.0,Turbine-1,2024-01-06 07:00:00
2256,86.74859672914064,42.40772903881784,2.535585651266556,39.85339312905411,Turbine,0.0,Turbine-1,2024-01-06 08:00:00
2258,67.78746376414227,40.69985411547044,1.224571264835669,61.27477858731929,Turbine,0.0,Turbine-1,2024-01-06 09:00:00
2260,75.93101257968384,37.03784909904168,1.7695207483763795,45.5432326009859,Turbine,0.0,Turbine-1,2024-01-06 10:00:00
2262,61.43501762590801,40.991488910447416,2.2744589767091017,50.39849304150326,Turbine,0.0,Turbine-1,2024-01-06 11:00:00
2264,73.23185482458206,21.548984866277888,0.3392573289612108,48.15219167357207,Turbine,0.0,Turbine-1,2024-01-06 12:00:00
2266,60.35294574249285,35.049051603481814,2.0006630673997963,52.8922194091662,Turbine,0.0,Turbine-1,2024-01-06 13:00:00
2268,73.07406697809101,38.105486365237866,1.7068131888571676,38.64481954811005,Turbine,0.0,Turbine-1,2024-01-06 14:00:00
2270,79.86376505905938,35.585755602499724,2.095617597590371,38.03062073331896,Turbine,0.0,Turbine-1,2024-01-06 15:00:00
2272,66.06470144030271,41.60916492832413,0.9560332706854626,63.36555171752234,Turbine,0.0,Turbine-1,2024-01-06 16:00:00
2274,60.35076539419896,40.79592848305382,1.6746463861771037,53.70705567115584,Turbine,0.0,Turbine-1,2024-01-06 17:00:00
2276,62.00059493298066,31.13697824567092,2.1341793057480336,50.58670603369637,Turbine,0.0,Turbine-1,2024-01-06 18:00:00
2278,91.20544848012152,12.40401563770734,3.472595623252332,81.14889241173044,Turbine,1.0,Turbine-1,2024-01-06 19:00:00
2280,74.49218721285034,40.25518965055718,1.1577071904293348,46.37665541725137,Turbine,0.0,Turbine-1,2024-01-06 20:00:00
2282,64.5508091319105,46.9602424778867,1.6595604209342707,42.15558081258754,Turbine,0.0,Turbine-1,2024-01-06 21:00:00
2284,72.46504778432005,27.82731567482247,0.9659764308168798,57.37322615675541,Turbine,0.0,Turbine-1,2024-01-06 22:00:00
2286,71.35563416414709,33.76881780811492,2.07711740244988,52.400498284919415,Turbine,0.0,Turbine-1,2024-01-06 23:00:00
2288,75.60784526368235,19.520287062076232,2.4596406500722297,46.50528762082624,Turbine,0.0,Turbine-1,2024-01-07 00:00:00
2290,75.34364898636383,43.33386282123678,0.7713476155072321,30.748481873737287,Turbine,0.0,Turbine-1,2024-01-07 01:00:00
2292,14.74829848613637,33.8761726147405,1.0114563308700046,36.054803196442855,Turbine,1.0,Turbine-1,2024-01-07 02:00:00
2294,62.23500859507,29.840833130845297,1.837252516577411,45.04675589456296,Turbine,0.0,Turbine-1,2024-01-07 03:00:00
2296,65.35595737690612,47.88234384386297,1.8674679871271576,62.38283210855647,Turbine,0.0,Turbine-1,2024-01-07 04:00:00
2298,124.86229440280692,42.11894019763752,0.6306475761093028,13.4204148417614,Turbine,1.0,Turbine-1,2024-01-07 05:00:00
2300,80.03532897892023,50.29604375242158,1.5102950886173396,45.66644558829363,Turbine,0.0,Turbine-1,2024-01-07 06:00:00
2302,68.23225836884218,47.71553026849359,1.270262284023678,55.13601233974696,Turbine,0.0,Turbine-1,2024-01-07 07:00:00
2304,73.92634115650968,16.311443159829896,1.306119538591888,54.49782617944353,Turbine,0.0,Turbine-1,2024-01-07 08:00:00
2306,63.19826523652049,29.04605306435543,1.602127471328513,58.97197552273546,Turbine,0.0,Turbine-1,2024-01-07 09:00:00
2308,74.25843658629829,38.98489596515633,0.9410528306398962,58.70550717200511,Turbine,0.0,Turbine-1,2024-01-07 10:00:00
2310,20.726321650231025,77.32317922130662,3.689430912081429,61.13789966934018,Turbine,1.0,Turbine-1,2024-01-07 11:00:00
2312,62.52544346041788,41.00375889548076,1.336336279739282,53.56040443988086,Turbine,0.0,Turbine-1,2024-01-07 12:00:00
2314,75.16644445935967,36.0939720211877,1.2864447256336842,69.11663885457773,Turbine,0.0,Turbine-1,2024-01-07 13:00:00
2316,81.83493666889927,35.987353068007685,1.9359222849370452,44.621709315466994,Turbine,0.0,Turbine-1,2024-01-07 14:00:00
2318,66.28559134004209,30.50455908913659,1.6760193064790605,44.81199957628628,Turbine,0.0,Turbine-1,2024-01-07 15:00:00
2320,62.69069960058081,33.17783216701092,2.1102381955405374,51.485475277112926,Turbine,0.0,Turbine-1,2024-01-07 16:00:00
2322,68.40061470036574,30.32479218723175,2.3175238353097294,53.78258982317922,Turbine,0.0,Turbine-1,2024-01-07 17:00:00
2324,66.77320161157864,28.19219935454748,1.6061900430117448,45.12660073960835,Turbine,0.0,Turbine-1,2024-01-07 18:00:00
2326,112.24643028288754,39.56512036491041,0.6484573159424445,52.77090252086684,Turbine,1.0,Turbine-1,2024-01-07 19:00:00
2328,54.862856073871725,46.31872530260444,1.713918930268022,46.96311810323162,Turbine,0.0,Turbine-1,2024-01-07 20:00:00
2330,76.29529584221811,45.19417806987496,1.6831637417705383,55.87114397070983,Turbine,0.0,Turbine-1,2024-01-07 21:00:00
2332,75.98099155047467,23.345138974015697,1.2039168350083105,50.63378868865325,Turbine,0.0,Turbine-1,2024-01-07 22:00:00
2334,64.90193306809117,29.221220763079764,1.5640494421794933,65.43950604761145,Turbine,0.0,Turbine-1,2024-01-07 23:00:00
2336,71.6805980596682,32.097154981011144,2.341986015034669,45.06624072502648,Turbine,0.0,Turbine-1,2024-01-08 00:00:00
2338,74.08652811480671,27.535047290510867,1.207277489540016,25.412580767284496,Turbine,0.0,Turbine-1,2024-01-08 01:00:00
2340,67.3111130944517,34.87622687418608,1.5707394764673368,47.29988012548798,Turbine,0.0,Turbine-1,2024-01-08 02:00:00
2342,72.7996862631982,33.02127690379874,1.3692163883867323,37.31127407394221,Turbine,0.0,Turbine-1,2024-01-08 03:00:00
2344,67.80328112162488,30.559866387647126,1.8530334749277155,42.31929644535632,Turbine,0.0,Turbine-1,2024-01-08 04:00:00
2346,67.84039479649768,35.99730714726046,2.04626270733921,37.80069100009784,Turbine,0.0,Turbine-1,2024-01-08 05:00:00
2348,82.95871781863015,33.59092641831377,0.9657812570770856,55.28777158908762,Turbine,0.0,Turbine-1,2024-01-08 06:00:00
2350,81.21861504794252,11.050347178715018,0.796394450247905,51.79674018460446,Turbine,0.0,Turbine-1,2024-01-08 07:00:00
2352,76.1973878470287,25.195722222280786,1.6100725951756374,43.20152065346549,Turbine,0.0,Turbine-1,2024-01-08 08:00:00
2354,71.94333463338234,30.84260417437092,1.0811291628255713,59.15156337504747,Turbine,0.0,Turbine-1,2024-01-08 09:00:00
2356,79.56702316794585,40.45871025647728,1.5983188708751226,48.23592946371672,Turbine,0.0,Turbine-1,2024-01-08 10:00:00
2358,71.43388467342251,39.88856724088457,1.1292143705532462,38.287317898413846,Turbine,0.0,Turbine-1,2024-01-08 11:00:00
2360,132.72230726060354,73.59848060434659,4.109985530642682,20.90067635453078,Turbine,1.0,Turbine-1,2024-01-08 12:00:00
2362,70.5844948070565,42.068996391767776,1.350667304710151,52.84746560553744,Turbine,0.0,Turbine-1,2024-01-08 13:00:00
2364,78.19925252635234,28.57021071284252,1.5061950380970035,32.57630773748751,Turbine,0.0,Turbine-1,2024-01-08 14:00:00
2366,62.37275221433786,49.10383722029919,1.8936368474081111,57.46996038355347,Turbine,0.0,Turbine-1,2024-01-08 15:00:00
2368,83.60115900180313,23.55108685782996,1.8515781582098088,66.20111605006437,Turbine,0.0,Turbine-1,2024-01-08 16:00:00
2370,67.74737357508647,29.200686769876025,1.3954680091637457,53.175427570190095,Turbine,0.0,Turbine-1,2024-01-08 17:00:00
2372,62.90568842671525,33.03754011049758,1.137056208084003,45.245743108758326,Turbine,0.0,Turbine-1,2024-01-08 18:00:00
2374,70.96120776940984,34.61760599692168,1.999042086301828,50.0030496426229,Turbine,0.0,Turbine-1,2024-01-08 19:00:00
2376,72.1915032766394,30.36838594120861,1.995149773549762,60.81406544392483,Turbine,0.0,Turbine-1,2024-01-08 20:00:00
2378,68.70179300266574,32.81594601581932,2.1110970900533976,54.64795269443965,Turbine,0.0,Turbine-1,2024-01-08 21:00:00
2380,74.04050856814538,37.33103187852757,1.3001517545820045,45.97056931390495,Turbine,0.0,Turbine-1,2024-01-08 22:00:00
2382,78.60473488359746,24.17707288828769,1.7960514916012458,42.986718998618365,Turbine,0.0,Turbine-1,2024-01-08 23:00:00
2384,74.36559804157667,44.67208159120798,0.8320865774247391,35.93857558017099,Turbine,0.0,Turbine-1,2024-01-09 00:00:00
2386,66.7965269180568,45.313624411254985,2.0506097903638545,54.83494701964291,Turbine,0.0,Turbine-1,2024-01-09 01:00:00
2388,73.24083969394795,20.965721177420008,2.140176010418568,48.54432350257115,Turbine,0.0,Turbine-1,2024-01-09 02:00:00
2390,75.45786713532355,29.68933517739448,0.862064500049038,45.13304651170486,Turbine,0.0,Turbine-1,2024-01-09 03:00:00
2392,66.32972160916678,34.094732044351325,1.439864030337117,59.13889741525953,Turbine,0.0,Turbine-1,2024-01-09 04:00:00
2394,117.17467547045078,62.03169101681437,3.147437140453439,19.45172982236256,Turbine,1.0,Turbine-1,2024-01-09 05:00:00
2396,74.92018847992799,27.071270917347093,1.254904546885656,38.0774259100621,Turbine,0.0,Turbine-1,2024-01-09 06:00:00
2398,38.95006675668058,35.46856750051718,4.83092018608564,77.29214727638067,Turbine,1.0,Turbine-1,2024-01-09 07:00:00
2400,66.34719141796116,28.17146972237915,2.26919749221914,62.56442973796382,Turbine,0.0,Turbine-1,2024-01-09 08:00:00
2402,61.98472409895459,40.19274707510001,1.6367607837375089,44.25247016792587,Turbine,0.0,Turbine-1,2024-01-09 09:00:00
2404,73.97927049946809,46.26895594756736,2.043803492599477,65.66978847369992,Turbine,0.0,Turbine-1,2024-01-09 10:00:00
2406,30.43841092874508,16.239312112509573,2.9422033288770373,61.90706876754048,Turbine,1.0,Turbine-1,2024-01-09 11:00:00
2408,66.97954500510136,38.26151789469742,1.930092605390922,53.19500766415519,Turbine,0.0,Turbine-1,2024-01-09 12:00:00
2410,74.73832920911788,29.30957418440417,1.8681137225825637,56.38923022374552,Turbine,0.0,Turbine-1,2024-01-09 13:00:00
2412,72.99085734021106,29.54918714851832,1.429431589241817,46.51510297230825,Turbine,0.0,Turbine-1,2024-01-09 14:00:00
2414,79.82690983945514,31.459285657806756,1.4942051078405894,55.3169873398986,Turbine,0.0,Turbine-1,2024-01-09 15:00:00
2416,82.74428426687581,28.36685211645276,1.8728179164014012,59.7060417661837,Turbine,0.0,Turbine-1,2024-01-09 16:00:00
2418,108.52731490654722,43.49005006809694,1.433342096740947,56.38516579248364,Turbine,0.0,Turbine-1,2024-01-09 17:00:00
2420,56.79107717493839,32.18360275174167,0.4662383399007956,60.82709773542916,Turbine,0.0,Turbine-1,2024-01-09 18:00:00
2422,69.01253732127739,56.808971553804994,2.70629340162545,34.91278312142664,Turbine,1.0,Turbine-1,2024-01-09 19:00:00
2424,143.90397403661257,63.46337294581269,4.141972586850807,12.86959900206222,Turbine,1.0,Turbine-1,2024-01-09 20:00:00
2426,91.54928677383144,36.369497149965305,1.3604470718200268,45.93757127098165,Turbine,0.0,Turbine-1,2024-01-09 21:00:00
2428,62.17996507488963,36.42263839764348,1.5652711462141793,51.606218250814536,Turbine,0.0,Turbine-1,2024-01-09 22:00:00
2430,61.288069699923696,47.34310484431295,1.6235428278437027,30.45081510436877,Turbine,0.0,Turbine-1,2024-01-09 23:00:00
2432,64.86803635486604,23.64453442763992,1.817481436806275,42.00259851850032,Turbine,0.0,Turbine-1,2024-01-10 00:00:00
2434,130.83638970963943,26.790149715472857,3.8077008014857103,83.73318120257206,Turbine,1.0,Turbine-1,2024-01-10 01:00:00
2436,59.90269295290062,55.04359124285515,1.7332279864847062,59.207504681638696,Turbine,0.0,Turbine-1,2024-01-10 02:00:00
2438,68.48032617683961,32.431364564326024,1.1758218148387494,61.82235219021661,Turbine,0.0,Turbine-1,2024-01-10 03:00:00
2440,75.30894314215949,23.79954770269296,1.4778699398607116,74.82677762174322,Turbine,0.0,Turbine-1,2024-01-10 04:00:00
2442,53.093283723935485,12.600285579251311,1.429492140755154,52.99830464127744,Turbine,0.0,Turbine-1,2024-01-10 05:00:00
2444,71.75536229578599,43.459418296913086,1.4719571368606628,60.352765661802565,Turbine,0.0,Turbine-1,2024-01-10 06:00:00
2446,72.7879981238546,46.84989273298876,0.8777819761256523,50.01747460274184,Turbine,0.0,Turbine-1,2024-01-10 07:00:00
2448,75.13600106569717,46.195343413231065,1.37909104373551,35.52537742972841,Turbine,0.0,Turbine-1,2024-01-10 08:00:00
2450,53.605158374745656,24.989150542085703,1.4349930133724345,37.50764480427368,Turbine,0.0,Turbine-1,2024-01-10 09:00:00
2452,74.37313187038961,28.134271745826982,2.013007062853649,43.02308855953795,Turbine,0.0,Turbine-1,2024-01-10 10:00:00
2454,80.49552715319335,39.33762405527239,1.6212314858613557,53.1305004881872,Turbine,0.0,Turbine-1,2024-01-10 11:00:00
2456,81.56006669451128,51.882741216771024,1.2725496659474334,51.83368003331864,Turbine,0.0,Turbine-1,2024-01-10 12:00:00
2458,75.52299937679523,13.037603570620924,2.058215374391104,34.98173481085881,Turbine,0.0,Turbine-1,2024-01-10 13:00:00
2460,63.15508269387203,15.316513423230358,1.0197915397953856,58.02191782683109,Turbine,0.0,Turbine-1,2024-01-10 14:00:00
2462,140.37751130333112,8.23045893617509,4.933156291134213,13.165502681744492,Turbine,1.0,Turbine-1,2024-01-10 15:00:00
2464,53.72995079133251,35.452061395434136,1.5898330194357937,52.04159560242046,Turbine,0.0,Turbine-1,2024-01-10 16:00:00
2466,73.11308673442885,24.68399944220816,1.8583638238586715,43.81545609620585,Turbine,0.0,Turbine-1,2024-01-10 17:00:00
2468,58.24405394375148,35.82705596969676,2.392317803474886,57.5913919892011,Turbine,0.0,Turbine-1,2024-01-10 18:00:00
2470,67.69413601476387,33.83324453622248,1.1531510161916665,45.09175817022641,Turbine,0.0,Turbine-1,2024-01-10 19:00:00
2472,57.738206421873166,31.01446463438849,1.739538527748726,60.45803451367991,Turbine,0.0,Turbine-1,2024-01-10 20:00:00
2474,42.873874361895616,35.314846039953565,0.754958662211691,56.70559991192669,Turbine,0.0,Turbine-1,2024-01-10 21:00:00
2476,52.57778307364725,41.20540239692552,1.1747630002703917,53.78979362363431,Turbine,0.0,Turbine-1,2024-01-10 22:00:00
2478,70.67528204687923,25.951462115979297,1.5116925625780906,37.67801533686895,Turbine,0.0,Turbine-1,2024-01-10 23:00:00
2480,68.73481103046049,29.704518560660578,0.5616548343310622,19.442910508557997,Turbine,0.0,Turbine-1,2024-01-11 00:00:00
2482,67.99360701174568,39.16409997302624,1.705075783856797,51.36223162376663,Turbine,0.0,Turbine-1,2024-01-11 01:00:00
2484,74.04212865277331,26.493930507749774,0.9094045297021416,66.17959684380905,Turbine,0.0,Turbine-1,2024-01-11 02:00:00
2486,61.63019645560413,33.56376132819263,0.7057484317959137,47.55700594735985,Turbine,0.0,Turbine-1,2024-01-11 03:00:00
2488,77.03142542220004,35.83063388026158,0.9748079463250968,69.27266727741875,Turbine,0.0,Turbine-1,2024-01-11 04:00:00
2490,61.764650293741504,40.16478463167636,1.1698343685999415,34.52468974511065,Turbine,0.0,Turbine-1,2024-01-11 05:00:00
2492,43.2543287184586,40.60904960570335,1.7279513165838236,43.58433096450467,Turbine,0.0,Turbine-1,2024-01-11 06:00:00
2494,67.19324923133226,29.421086176670634,1.5049068701982022,51.61387049634509,Turbine,0.0,Turbine-1,2024-01-11 07:00:00
2496,80.26894618257914,31.592603205459472,1.7881780088069044,59.56417206592696,Turbine,0.0,Turbine-1,2024-01-11 08:00:00
2498,72.6032183877122,34.48529882096667,2.263654112097299,37.25489790695073,Turbine,0.0,Turbine-1,2024-01-11 09:00:00
2500,52.54292567140348,43.83582163069973,1.4203207126217678,53.02570334935783,Turbine,0.0,Turbine-1,2024-01-11 10:00:00
2502,43.4353894852492,42.2114233017058,0.9590169878460304,38.25199970042418,Turbine,1.0,Turbine-1,2024-01-11 11:00:00
2504,89.422455947563,32.17503855998043,1.5221030874402262,28.28875622443552,Turbine,0.0,Turbine-1,2024-01-11 12:00:00
2506,118.43615605902204,18.435519784203308,1.1529355006768878,47.16177451263347,Turbine,1.0,Turbine-1,2024-01-11 13:00:00
2508,76.96322862080324,38.85206104793044,2.477331271731245,50.56871950285764,Turbine,0.0,Turbine-1,2024-01-11 14:00:00
2510,70.34008096228146,47.07619194159084,2.2846205906423545,34.185245719578184,Turbine,0.0,Turbine-1,2024-01-11 15:00:00
2512,63.02281096101756,40.61004511554695,1.7946141424433186,60.74741250220838,Turbine,0.0,Turbine-1,2024-01-11 16:00:00
2514,71.9548173155329,38.08933198398711,2.020553908262281,47.615091429492,Turbine,0.0,Turbine-1,2024-01-11 17:00:00
2516,80.84198244043543,34.26267351342819,1.8354360972509656,41.96267377076718,Turbine,0.0,Turbine-1,2024-01-11 18:00:00
2518,64.98597853114363,37.18928095370001,1.818090244342018,60.02724550081625,Turbine,0.0,Turbine-1,2024-01-11 19:00:00
2520,60.4595957137491,77.56801584901021,2.512675119138355,58.29110327298573,Turbine,1.0,Turbine-1,2024-01-11 20:00:00
2522,77.45360724077875,30.64569365475612,1.5606218659101898,47.7922339639887,Turbine,0.0,Turbine-1,2024-01-11 21:00:00
2524,57.55457499915277,34.439761785535644,1.3161322083620168,58.55351207001087,Turbine,0.0,Turbine-1,2024-01-11 22:00:00
2526,88.00164774761967,68.85194255863559,1.1368107914670205,64.68181114989316,Turbine,1.0,Turbine-1,2024-01-11 23:00:00
2528,108.3124085202764,47.105655336619165,2.899420322831093,47.50490979205936,Turbine,1.0,Turbine-1,2024-01-12 00:00:00
2530,133.14487263601816,58.76549158004832,0.1564876352297556,49.48723083753022,Turbine,1.0,Turbine-1,2024-01-12 01:00:00
2532,65.63614109473431,42.18124617319795,1.0256890493955166,36.58277756643686,Turbine,0.0,Turbine-1,2024-01-12 02:00:00
2534,69.8343159017748,38.45696195187016,1.3129132075982812,44.160462303296285,Turbine,0.0,Turbine-1,2024-01-12 03:00:00
2536,69.60105616248288,29.18036860221505,0.7971615961479991,37.19012076262557,Turbine,0.0,Turbine-1,2024-01-12 04:00:00
2538,76.93105607263143,45.1332900255873,1.1757391852476733,34.4164355527948,Turbine,0.0,Turbine-1,2024-01-12 05:00:00
2540,86.65474444462576,35.06182314540548,1.7830287294160336,50.18073473423664,Turbine,0.0,Turbine-1,2024-01-12 06:00:00
2542,85.30195198863352,44.73378793998357,2.3789134497509754,43.53313146936609,Turbine,0.0,Turbine-1,2024-01-12 07:00:00
2544,78.81639756949451,35.352500539252794,2.7058200958942846,42.977027868087646,Turbine,0.0,Turbine-1,2024-01-12 08:00:00
2546,66.84730755359655,40.497907603162304,0.58591753603643,59.0271314828497,Turbine,0.0,Turbine-1,2024-01-12 09:00:00
2548,68.14712341122292,37.249693460672525,1.001977529915054,45.9986393669744,Turbine,0.0,Turbine-1,2024-01-12 10:00:00
2550,81.69295590445672,36.15448015548064,1.8814791283569856,51.71653769968896,Turbine,0.0,Turbine-1,2024-01-12 11:00:00
2552,91.85094895036111,41.32537854952582,1.6157307912493866,48.683262175446814,Turbine,0.0,Turbine-1,2024-01-12 12:00:00
2554,71.5946250680413,33.539320972700466,2.507056861679872,63.70608381490105,Turbine,0.0,Turbine-1,2024-01-12 13:00:00
2556,77.1587274469096,30.57407198528161,1.9083123716311143,58.149850354042414,Turbine,0.0,Turbine-1,2024-01-12 14:00:00
2558,66.62914028881961,36.70259518935975,1.0098431270247017,62.52275477530616,Turbine,0.0,Turbine-1,2024-01-12 15:00:00
2560,75.43390827871809,39.78537720267836,1.1586285775978826,28.446373289420823,Turbine,0.0,Turbine-1,2024-01-12 16:00:00
2562,55.07188514615611,29.55163767454968,0.1158141339931428,28.916250334812847,Turbine,1.0,Turbine-1,2024-01-12 17:00:00
2564,63.950932360718255,31.337464243278514,1.786716895843991,67.40057269196734,Turbine,0.0,Turbine-1,2024-01-12 18:00:00
2566,67.43054874878219,27.70725298731083,1.4472035203556608,49.0738117481286,Turbine,0.0,Turbine-1,2024-01-12 19:00:00
2568,71.20295631711899,19.427797709129088,1.8832279799248544,41.39841220738598,Turbine,0.0,Turbine-1,2024-01-12 20:00:00
2570,60.01939372685587,43.42037848587799,1.8984679628292975,50.20003219827464,Turbine,0.0,Turbine-1,2024-01-12 21:00:00
2572,55.66848185475288,30.3540712755484,1.977082257095462,50.77708460025006,Turbine,0.0,Turbine-1,2024-01-12 22:00:00
2574,76.12332214002512,28.402128163981097,1.6138545592379792,38.50749480809718,Turbine,0.0,Turbine-1,2024-01-12 23:00:00
2576,72.16458589581976,29.77977365426684,1.2065208950118578,63.61623458308817,Turbine,0.0,Turbine-1,2024-01-13 00:00:00
2578,72.04389031602977,40.50796779649253,1.329639614233959,52.69823632377181,Turbine,0.0,Turbine-1,2024-01-13 01:00:00
2580,72.89168643907819,37.53561605587292,1.607266459443208,65.06295914887156,Turbine,0.0,Turbine-1,2024-01-13 02:00:00
2582,60.7048913980759,28.9215829440978,1.7279841999402945,54.10695313777528,Turbine,0.0,Turbine-1,2024-01-13 03:00:00
2584,87.83922595201769,17.17326048040176,1.2321426835002252,31.743649129830004,Turbine,0.0,Turbine-1,2024-01-13 04:00:00
2586,67.70609255931973,43.59623832183945,1.999690473196395,27.74622043094286,Turbine,0.0,Turbine-1,2024-01-13 05:00:00
2588,65.40343227727003,45.383332045286096,1.1480833709652685,57.81511725622424,Turbine,0.0,Turbine-1,2024-01-13 06:00:00
2590,57.67568760835999,23.48235762705572,1.3372728355474968,67.7281172412109,Turbine,0.0,Turbine-1,2024-01-13 07:00:00
2592,71.97916667342075,28.71745663789409,1.731730177833109,41.27659714699704,Turbine,0.0,Turbine-1,2024-01-13 08:00:00
2594,82.74875041278722,36.660338359109936,1.4192860509835916,38.42555047634044,Turbine,0.0,Turbine-1,2024-01-13 09:00:00
2596,74.68978078148467,39.39301340446692,1.2813820289208129,43.289982546888616,Turbine,0.0,Turbine-1,2024-01-13 10:00:00
2598,93.24673305852818,30.819832564722905,1.3859476577742418,50.07217146087898,Turbine,0.0,Turbine-1,2024-01-13 11:00:00
2600,81.8441258741107,31.271502463001436,2.6773591463452977,55.90096771618532,Turbine,1.0,Turbine-1,2024-01-13 12:00:00
2602,71.95845255097682,31.65773589989105,1.66319050392278,56.20875415906748,Turbine,0.0,Turbine-1,2024-01-13 13:00:00
2604,75.36509843570404,37.74526843357933,1.0335257649134897,50.863330187871625,Turbine,0.0,Turbine-1,2024-01-13 14:00:00
2606,70.99651365087641,27.141405821785792,2.1041616429736165,63.52774175754248,Turbine,0.0,Turbine-1,2024-01-13 15:00:00
2608,50.87745024580223,34.83263170093539,2.0222632149090702,71.40308779836562,Turbine,0.0,Turbine-1,2024-01-13 16:00:00
2610,64.80603628173873,24.186339743802822,2.127613123317291,43.49684605126925,Turbine,0.0,Turbine-1,2024-01-13 17:00:00
2612,120.3266970967819,36.033892924287294,2.6704520537316934,35.10580661680344,Turbine,1.0,Turbine-1,2024-01-13 18:00:00
2614,72.94971455708821,27.945452008116646,1.3016519100173969,50.86459090042442,Turbine,0.0,Turbine-1,2024-01-13 19:00:00
2616,62.53076714929833,30.424571630412537,1.8476346135443735,52.33914916373389,Turbine,0.0,Turbine-1,2024-01-13 20:00:00
2618,72.91202755138032,38.8617020844491,1.3256123694965654,74.43202523847401,Turbine,0.0,Turbine-1,2024-01-13 21:00:00
2620,54.81030219186685,27.36104734732739,1.0126324090437897,61.44204797904136,Turbine,0.0,Turbine-1,2024-01-13 22:00:00
2622,78.68772500590771,34.088027577282986,1.865518762692768,61.739282473548094,Turbine,0.0,Turbine-1,2024-01-13 23:00:00
2624,76.87065795858916,28.654230422343723,0.3913581448732159,60.95936147607574,Turbine,0.0,Turbine-1,2024-01-14 00:00:00
2626,53.28830227505935,33.4352541052062,1.621610786626113,50.95055223733709,Turbine,0.0,Turbine-1,2024-01-14 01:00:00
2628,77.02659998499306,35.83633796439373,0.9299586994882784,36.36693743762393,Turbine,0.0,Turbine-1,2024-01-14 02:00:00
2630,74.71542380418205,28.340187026212888,2.4980761598774626,67.00774787540927,Turbine,0.0,Turbine-1,2024-01-14 03:00:00
2632,62.65766678028962,29.258886899115677,1.3311254836490325,40.33309891074973,Turbine,0.0,Turbine-1,2024-01-14 04:00:00
2634,67.7840030561496,24.430326145150968,0.6941074682563992,46.15430233025676,Turbine,0.0,Turbine-1,2024-01-14 05:00:00
2636,68.85197751240936,37.233920809768,0.8842502113892002,68.78042035449381,Turbine,0.0,Turbine-1,2024-01-14 06:00:00
2638,90.2360621922964,37.4185832027862,1.6372569937466417,46.47344513135925,Turbine,0.0,Turbine-1,2024-01-14 07:00:00
2640,84.50927548279212,38.132409402080754,1.7605019483024515,41.95457385305917,Turbine,0.0,Turbine-1,2024-01-14 08:00:00
2642,74.82472415243186,35.42447450346095,0.7970701570672672,62.279878095856006,Turbine,0.0,Turbine-1,2024-01-14 09:00:00
2644,57.48800863366322,39.2486810478076,1.0594293455611188,48.65640422756047,Turbine,0.0,Turbine-1,2024-01-14 10:00:00
2646,70.3944704824074,36.45424986069728,1.584770205109143,25.03170008779076,Turbine,0.0,Turbine-1,2024-01-14 11:00:00
2648,69.46879346982455,44.56141929209133,2.2595097862654905,53.65290327458906,Turbine,0.0,Turbine-1,2024-01-14 12:00:00
2650,69.04704467613048,36.874074115654125,1.329400133653352,55.39547533361018,Turbine,0.0,Turbine-1,2024-01-14 13:00:00
2652,75.05965553455866,36.86628032870298,0.7289035529063885,35.095340059461485,Turbine,0.0,Turbine-1,2024-01-14 14:00:00
2654,67.50963960443622,42.45332773494476,0.4923890472838117,48.43654826500814,Turbine,0.0,Turbine-1,2024-01-14 15:00:00
2656,44.63238126914032,35.19328531790731,1.5510474812289166,88.21288188267445,Turbine,1.0,Turbine-1,2024-01-14 16:00:00
2658,141.76232306567042,44.86062141737492,2.8127369270638445,75.85420640485208,Turbine,1.0,Turbine-1,2024-01-14 17:00:00
2660,64.47776955719029,39.85831212081354,1.281088938569174,52.577297412110525,Turbine,0.0,Turbine-1,2024-01-14 18:00:00
2662,67.11424882845898,40.64410708848197,1.2099361786505305,35.25203973218232,Turbine,0.0,Turbine-1,2024-01-14 19:00:00
2664,58.9513720693748,31.0343524274008,1.622227224802775,47.875925761817946,Turbine,0.0,Turbine-1,2024-01-14 20:00:00
2666,66.34494063014733,27.773655113767127,1.027265830002671,50.72399599424456,Turbine,0.0,Turbine-1,2024-01-14 21:00:00
2668,147.44076917004205,44.12556270140215,4.335742767323287,20.749646517874503,Turbine,1.0,Turbine-1,2024-01-14 22:00:00
2670,74.32216690759253,20.31195773314535,1.4605366621127225,60.7015853441254,Turbine,0.0,Turbine-1,2024-01-14 23:00:00
2672,60.95385625006234,35.933294009356025,1.9536173300288104,61.0227652658535,Turbine,0.0,Turbine-1,2024-01-15 00:00:00
2674,61.01585328651642,31.64829243583012,0.8003284761070625,57.88894630784487,Turbine,0.0,Turbine-1,2024-01-15 01:00:00
2676,70.67838513916938,47.26410033799346,1.1376628941588476,42.514367799061226,Turbine,0.0,Turbine-1,2024-01-15 02:00:00
2678,75.06240989305925,29.169678428980934,1.6426409755837472,47.53725588582461,Turbine,0.0,Turbine-1,2024-01-15 03:00:00
2680,69.75601432763844,42.33365178071215,1.586352208288477,57.95249167367278,Turbine,0.0,Turbine-1,2024-01-15 04:00:00
2682,64.66909597984167,33.233686801663566,1.5248306778541088,52.21025231151047,Turbine,0.0,Turbine-1,2024-01-15 05:00:00
2684,85.79212815507391,45.71461271584,1.5420050954621756,31.953970906107767,Turbine,0.0,Turbine-1,2024-01-15 06:00:00
2686,84.2274813609994,45.62917129235715,1.2428655142146796,23.29832066628453,Turbine,0.0,Turbine-1,2024-01-15 07:00:00
2688,75.88578404420609,31.911817617034416,0.0318995281109424,37.11889269932473,Turbine,0.0,Turbine-1,2024-01-15 08:00:00
2690,78.20298374508965,45.18328173797939,1.678532687230192,35.19732543101218,Turbine,0.0,Turbine-1,2024-01-15 09:00:00
2692,61.607903326609936,35.45208518772445,1.2982033315065449,51.53421195503919,Turbine,0.0,Turbine-1,2024-01-15 10:00:00
2694,78.70067730688754,29.078141979610333,1.4810566494890791,40.66365783410557,Turbine,0.0,Turbine-1,2024-01-15 11:00:00
2696,68.40637767854093,43.55426965116146,1.5699126356630266,57.84288125727707,Turbine,0.0,Turbine-1,2024-01-15 12:00:00
2698,79.55802745112481,24.270959738754318,1.6139736310313046,56.89913766554886,Turbine,0.0,Turbine-1,2024-01-15 13:00:00
2700,77.33547813505866,41.19101738754258,1.2233661706566197,51.91061817281304,Turbine,0.0,Turbine-1,2024-01-15 14:00:00
2702,68.39368880474505,30.576607870110127,2.1458739253663155,49.144401657663,Turbine,0.0,Turbine-1,2024-01-15 15:00:00
2704,82.38283071433636,41.163708765497816,0.9266084506867254,47.529135032967126,Turbine,0.0,Turbine-1,2024-01-15 16:00:00
2706,83.74876419148185,43.38563174140221,1.883525109246355,60.06378274803781,Turbine,0.0,Turbine-1,2024-01-15 17:00:00
2708,69.00824136220618,29.79474702931044,0.7474640628730983,49.83926113837926,Turbine,0.0,Turbine-1,2024-01-15 18:00:00
2710,63.534271157574736,35.62405934783086,1.3265132734474414,39.17558956219564,Turbine,0.0,Turbine-1,2024-01-15 19:00:00
2712,57.37230224301436,34.16358889145179,1.7177078263654704,51.508534368068325,Turbine,0.0,Turbine-1,2024-01-15 20:00:00
2714,45.22401611800629,21.97896636104585,0.7560372759096395,48.659541273192026,Turbine,1.0,Turbine-1,2024-01-15 21:00:00
2716,75.20756120358712,42.52853241161544,1.8641190536529328,56.532509453412914,Turbine,0.0,Turbine-1,2024-01-15 22:00:00
2718,83.46225756202747,28.42655338955982,1.5801296433208327,45.53766633215553,Turbine,0.0,Turbine-1,2024-01-15 23:00:00
2720,56.41825078522406,17.698567915883764,1.3858407869874154,34.35816597661113,Turbine,0.0,Turbine-1,2024-01-16 00:00:00
2722,76.30811684554777,30.213765326417217,0.749081537685081,46.42995510548985,Turbine,0.0,Turbine-1,2024-01-16 01:00:00
2724,66.34759022510154,34.11708192566512,1.908933212474818,32.75656319603515,Turbine,0.0,Turbine-1,2024-01-16 02:00:00
2726,55.91000645518934,18.57738588625395,3.275657845639828,56.28079156253679,Turbine,1.0,Turbine-1,2024-01-16 03:00:00
2728,118.37839537390866,76.45962861392294,1.4840645933108805,49.60896036555434,Turbine,1.0,Turbine-1,2024-01-16 04:00:00
2730,54.80630034045987,31.77547305570622,1.4737761501754405,59.29311587207605,Turbine,0.0,Turbine-1,2024-01-16 05:00:00
2732,54.82826303328321,33.360540206067135,1.060423400453227,62.63513042833149,Turbine,0.0,Turbine-1,2024-01-16 06:00:00
2734,65.36838637914602,28.325011101639028,1.910782062312307,30.19146152504693,Turbine,0.0,Turbine-1,2024-01-16 07:00:00
2736,56.69294868669074,47.81594123690731,1.7410198986098246,59.22427750618311,Turbine,0.0,Turbine-1,2024-01-16 08:00:00
2738,49.61875464822146,32.55236454774726,1.2098224985736343,56.67394438057835,Turbine,0.0,Turbine-1,2024-01-16 09:00:00
2740,24.2735914990474,67.68632136630198,0.5775054289014092,49.53178139857005,Turbine,1.0,Turbine-1,2024-01-16 10:00:00
2742,66.44025915614168,40.50040575673995,1.1163637138200089,76.42910482624303,Turbine,0.0,Turbine-1,2024-01-16 11:00:00
2744,65.53679484765655,41.32312861228375,2.347681747089968,53.78155935606964,Turbine,0.0,Turbine-1,2024-01-16 12:00:00
2746,78.57898825291343,39.7015592149425,1.515708736733275,65.12048615289308,Turbine,0.0,Turbine-1,2024-01-16 13:00:00
2748,69.76949443914533,25.90645504863348,2.35676486467014,51.95205244352506,Turbine,0.0,Turbine-1,2024-01-16 14:00:00
2750,61.94904818969491,34.42122019879463,0.8813725085626861,63.819493215339946,Turbine,0.0,Turbine-1,2024-01-16 15:00:00
2752,80.0163182520856,30.45753726252716,1.8601787491967543,35.03904508605555,Turbine,0.0,Turbine-1,2024-01-16 16:00:00
2754,47.88864690992115,33.19605261332291,1.6276640858725222,38.91983606019233,Turbine,0.0,Turbine-1,2024-01-16 17:00:00
2756,86.32411303931636,33.02620460708447,1.283244089398233,61.9088593286652,Turbine,0.0,Turbine-1,2024-01-16 18:00:00
2758,128.68673398905372,8.40574360313266,1.2950587790753476,72.83163783861593,Turbine,1.0,Turbine-1,2024-01-16 19:00:00
2760,78.08057798281145,47.12331052278567,0.7312483908826375,37.07126267795471,Turbine,0.0,Turbine-1,2024-01-16 20:00:00
2762,63.31909546356951,31.42685562548315,2.409139351871411,49.96824143232869,Turbine,0.0,Turbine-1,2024-01-16 21:00:00
2764,79.25975100714616,15.55902099418115,1.1005505509534348,51.36846007987855,Turbine,0.0,Turbine-1,2024-01-16 22:00:00
2766,67.15163062257798,30.80925463749284,1.4349022335976191,78.0765078327888,Turbine,0.0,Turbine-1,2024-01-16 23:00:00
2768,56.04551495244928,39.97903294778495,1.569840982642616,46.159090817892015,Turbine,0.0,Turbine-1,2024-01-17 00:00:00
2770,57.29048278907717,35.94014095326477,1.1339456126558147,67.85850891188272,Turbine,0.0,Turbine-1,2024-01-17 01:00:00
2772,77.4245891359262,35.145847977096935,0.6113681006551767,49.377689430275005,Turbine,0.0,Turbine-1,2024-01-17 02:00:00
2774,81.69589992427774,28.620495063439208,1.1606479339441944,55.57863029887614,Turbine,0.0,Turbine-1,2024-01-17 03:00:00
2776,66.54835294550203,35.75255872953219,2.358790102522159,31.55783296132761,Turbine,0.0,Turbine-1,2024-01-17 04:00:00
2778,143.5134667006216,24.11143147245191,0.0061149569416263,88.27260223680457,Turbine,1.0,Turbine-1,2024-01-17 05:00:00
2780,58.96330171469631,23.94584649145837,0.8709013549865371,46.0743832264241,Turbine,0.0,Turbine-1,2024-01-17 06:00:00
2782,77.91662693962935,36.960914274980944,1.0673503624325744,44.463766858743575,Turbine,0.0,Turbine-1,2024-01-17 07:00:00
2784,79.00533077331592,36.54095318069549,1.5373408197271194,56.38866696028849,Turbine,0.0,Turbine-1,2024-01-17 08:00:00
2786,71.15824587226946,32.348004893603886,2.331353008001748,44.04947293709102,Turbine,0.0,Turbine-1,2024-01-17 09:00:00
2788,58.528404889882886,27.829333336224032,1.336627705029454,57.65027195154517,Turbine,0.0,Turbine-1,2024-01-17 10:00:00
2790,57.42422141085384,22.21904216665235,1.520540432047377,71.26441827526385,Turbine,0.0,Turbine-1,2024-01-17 11:00:00
2792,67.1561535039349,42.95502984793637,1.2986658943816345,38.24140229412755,Turbine,0.0,Turbine-1,2024-01-17 12:00:00
2794,83.01741289398798,52.685517808126114,1.7322510826071065,43.984884852301406,Turbine,0.0,Turbine-1,2024-01-17 13:00:00
2796,21.409034169795987,58.76206773545872,0.6034329130369731,56.97773716143057,Turbine,1.0,Turbine-1,2024-01-17 14:00:00
2798,75.36413899891343,40.24062414104421,1.1302447143529737,48.23390489836949,Turbine,0.0,Turbine-1,2024-01-17 15:00:00
2800,55.661941760715855,20.097091308390112,0.7352961383841845,46.39514773292795,Turbine,0.0,Turbine-1,2024-01-17 16:00:00
2802,86.4354150912053,45.82761249180895,2.050214221128432,57.23879686600544,Turbine,0.0,Turbine-1,2024-01-17 17:00:00
2804,69.45105999383713,45.17519636339155,0.8708518073745473,56.44256180810792,Turbine,0.0,Turbine-1,2024-01-17 18:00:00
2806,80.65480375065351,48.09769315762283,2.2691328204560177,53.36356737470614,Turbine,0.0,Turbine-1,2024-01-17 19:00:00
2808,74.47393937068975,35.98414938821404,0.9809303574942811,58.06411762261759,Turbine,0.0,Turbine-1,2024-01-17 20:00:00
2810,60.1751260646169,41.76894775436747,2.118575487739358,52.73319644511927,Turbine,0.0,Turbine-1,2024-01-17 21:00:00
2812,58.32220448732065,29.54340161580973,0.7410244340783742,47.74472172678272,Turbine,0.0,Turbine-1,2024-01-17 22:00:00
2814,56.19401294100349,38.93019216581026,1.1481315216375183,41.64519606357938,Turbine,0.0,Turbine-1,2024-01-17 23:00:00
2816,69.54745698035663,47.91826603397862,1.117173357377311,37.77236576776125,Turbine,0.0,Turbine-1,2024-01-18 00:00:00
2818,56.76910206592502,36.46410342649185,1.4810426609336151,25.80870861924244,Turbine,0.0,Turbine-1,2024-01-18 01:00:00
2820,54.006052378056886,30.11049198199771,1.2508385135287936,54.21222239435237,Turbine,0.0,Turbine-1,2024-01-18 02:00:00
2822,39.92367660306243,36.89373696821114,1.284792645656358,52.53592941690806,Turbine,0.0,Turbine-1,2024-01-18 03:00:00
2824,47.33888498355943,46.87261884626248,2.9456965830078854,75.29639962262112,Turbine,1.0,Turbine-1,2024-01-18 04:00:00
2826,88.4936214138638,31.37392379242366,2.619982596115724,52.83059546508912,Turbine,0.0,Turbine-1,2024-01-18 05:00:00
2828,57.30708894756896,36.36320795249608,1.539840489922707,58.5250127595504,Turbine,0.0,Turbine-1,2024-01-18 06:00:00
2830,70.18016872044447,37.692811420497335,1.297131749183874,31.486412920100804,Turbine,0.0,Turbine-1,2024-01-18 07:00:00
2832,63.87562625359562,23.14082570403385,1.732692038409588,53.94971281690466,Turbine,0.0,Turbine-1,2024-01-18 08:00:00
2834,79.28090610991082,27.070446259003564,1.6492139497414091,46.01461247009928,Turbine,0.0,Turbine-1,2024-01-18 09:00:00
2836,61.31707268123634,33.38864079938421,1.5708558951587543,57.79643852361518,Turbine,0.0,Turbine-1,2024-01-18 10:00:00
2838,69.54413983644503,39.33057035206623,1.1131800775309348,51.55575112758557,Turbine,0.0,Turbine-1,2024-01-18 11:00:00
2840,70.37696573123922,33.742108863771584,0.9307096331328086,58.32309886254114,Turbine,0.0,Turbine-1,2024-01-18 12:00:00
2842,72.84754593385568,20.249976329658963,0.9395753660941892,56.91514706432169,Turbine,0.0,Turbine-1,2024-01-18 13:00:00
2844,58.02122107411152,43.304100218527694,1.0819064427308376,45.283574213648414,Turbine,0.0,Turbine-1,2024-01-18 14:00:00
2846,141.647533603233,60.29951788944845,0.1155003662559894,88.75620850253503,Turbine,1.0,Turbine-1,2024-01-18 15:00:00
2848,129.2565012725205,63.76247883797175,1.3444757385048434,11.966530777808604,Turbine,1.0,Turbine-1,2024-01-18 16:00:00
2850,79.26215402241593,41.53973701358698,1.949914748066479,65.52282909376714,Turbine,0.0,Turbine-1,2024-01-18 17:00:00
2852,71.58053489920133,42.90289265925208,1.460467490256314,40.10995561713988,Turbine,0.0,Turbine-1,2024-01-18 18:00:00
2854,67.34407366737588,29.647225918898293,1.812560228169962,28.45616293659276,Turbine,0.0,Turbine-1,2024-01-18 19:00:00
2856,60.77811094568372,38.02169408091067,1.4714600484020512,71.41791824215528,Turbine,0.0,Turbine-1,2024-01-18 20:00:00
2858,72.87124165201824,46.82496980879587,1.8893413728628947,40.899735534561344,Turbine,0.0,Turbine-1,2024-01-18 21:00:00
2860,64.13584851111227,39.85436020047708,1.893060273799123,61.1326006460214,Turbine,0.0,Turbine-1,2024-01-18 22:00:00
2862,61.46504519938658,43.30708829727706,1.4673446441638025,28.969504831300263,Turbine,0.0,Turbine-1,2024-01-18 23:00:00
2864,52.060788868080365,33.05274820163904,1.1438994875746862,67.4127205621912,Turbine,0.0,Turbine-1,2024-01-19 00:00:00
2866,73.93317839394372,34.9853699292472,1.866109036545497,56.26244266063318,Turbine,0.0,Turbine-1,2024-01-19 01:00:00
2868,76.14011428058852,79.03323757921231,1.858928009320417,46.55076445780039,Turbine,1.0,Turbine-1,2024-01-19 02:00:00
2870,75.8301642687482,31.54037540805996,0.8200194586303311,47.50286485873176,Turbine,1.0,Turbine-1,2024-01-19 03:00:00
2872,114.95616869773366,27.684915687233516,0.9935528271263044,18.491774230981413,Turbine,1.0,Turbine-1,2024-01-19 04:00:00
2874,57.05318524279095,40.15751842627387,1.947925440051403,39.54282726037672,Turbine,0.0,Turbine-1,2024-01-19 05:00:00
2876,66.63745261318928,27.881241832470867,1.7723062520920183,44.32411645015251,Turbine,0.0,Turbine-1,2024-01-19 06:00:00
2878,61.64857098369977,21.53013945908761,1.153151753767798,55.01336627180863,Turbine,0.0,Turbine-1,2024-01-19 07:00:00
2880,64.64036554885952,32.69173679454563,2.0609752459576125,57.86954564094698,Turbine,0.0,Turbine-1,2024-01-19 08:00:00
2882,64.9185980235269,42.134724636758506,2.620306060087141,49.24285596392242,Turbine,0.0,Turbine-1,2024-01-19 09:00:00
2884,83.50852330699006,34.071433519036134,1.580305651077584,54.53579852145331,Turbine,0.0,Turbine-1,2024-01-19 10:00:00
2886,62.51513463443446,40.08263356172965,2.35048575970825,40.22731138376993,Turbine,0.0,Turbine-1,2024-01-19 11:00:00
2888,66.63447410121826,41.882660475333765,1.936584646190794,43.3599022227752,Turbine,0.0,Turbine-1,2024-01-19 12:00:00
2890,61.021699335743705,25.77213975289085,1.6201153128852237,51.53005373178665,Turbine,0.0,Turbine-1,2024-01-19 13:00:00
2892,70.46002747253274,47.15469080872515,1.5210195184986153,50.777843419771145,Turbine,0.0,Turbine-1,2024-01-19 14:00:00
2894,65.6744181218038,25.552220130684915,1.330545727162083,51.40910878386947,Turbine,0.0,Turbine-1,2024-01-19 15:00:00
2896,83.38837740577657,44.71006507510241,3.809363201222937,48.763942518525305,Turbine,1.0,Turbine-1,2024-01-19 16:00:00
2898,67.65980140893019,46.92110017679873,0.6463870027147237,48.79801656412563,Turbine,0.0,Turbine-1,2024-01-19 17:00:00
2900,75.88317206484577,34.34484496342006,1.9597042143768235,46.87432941978673,Turbine,0.0,Turbine-1,2024-01-19 18:00:00
2902,78.17766299200287,46.8838189541804,1.5733162938230874,39.35622235762036,Turbine,0.0,Turbine-1,2024-01-19 19:00:00
2904,53.1265565288929,31.587202909711703,1.9083017851788564,47.779798496199774,Turbine,0.0,Turbine-1,2024-01-19 20:00:00
2906,52.2376476710168,28.868268551841695,2.3444110961513385,52.53724503104193,Turbine,0.0,Turbine-1,2024-01-19 21:00:00
2908,85.33433701296326,40.5779043711225,1.7351963710045784,53.83196151208408,Turbine,0.0,Turbine-1,2024-01-19 22:00:00
2910,60.7411009610885,28.617423028457765,1.2775148985064364,41.9781556078194,Turbine,0.0,Turbine-1,2024-01-19 23:00:00
2912,135.92402339206703,39.61039669210663,1.559439523797448,80.95619512470712,Turbine,1.0,Turbine-1,2024-01-20 00:00:00
2914,59.35779993182651,23.07136061110821,1.0000264866033088,54.08516064987768,Turbine,0.0,Turbine-1,2024-01-20 01:00:00
2916,70.79801484058733,30.242616102702648,1.9972590580142384,45.3271937983178,Turbine,0.0,Turbine-1,2024-01-20 02:00:00
2918,74.21920754235285,22.575717777281437,1.5563744690383747,50.43184176216773,Turbine,0.0,Turbine-1,2024-01-20 03:00:00
2920,76.5905434391342,38.27370062885237,1.2597282871966122,55.48978464203705,Turbine,0.0,Turbine-1,2024-01-20 04:00:00
2922,68.41462307583544,52.36361743155645,1.8211459968016508,53.50261047967048,Turbine,0.0,Turbine-1,2024-01-20 05:00:00
2924,33.77480918327481,49.30267190780608,4.706252951818289,34.33015478594893,Turbine,1.0,Turbine-1,2024-01-20 06:00:00
2926,62.95271564389116,41.01986701659375,1.5424441207633337,38.96135809787858,Turbine,0.0,Turbine-1,2024-01-20 07:00:00
2928,68.27198262603535,31.85439197054248,1.8117085793005792,60.89504459563056,Turbine,0.0,Turbine-1,2024-01-20 08:00:00
2930,69.64358517702516,32.42597836807833,1.9380228883359645,53.13251259801704,Turbine,0.0,Turbine-1,2024-01-20 09:00:00
2932,62.84240010889248,31.83962518264346,1.4584096699477958,56.33301236255648,Turbine,0.0,Turbine-1,2024-01-20 10:00:00
2934,61.16280859308937,32.015530658688675,1.166388381556676,50.82370450653838,Turbine,0.0,Turbine-1,2024-01-20 11:00:00
2936,68.19608318237592,50.93675525997963,1.732243802788617,41.230654181254735,Turbine,0.0,Turbine-1,2024-01-20 12:00:00
2938,65.17172409193081,23.600230625476705,1.310260371994128,39.6056903709933,Turbine,0.0,Turbine-1,2024-01-20 13:00:00
2940,67.88333018068823,43.61834938412554,1.6248627435267986,64.25405932372932,Turbine,0.0,Turbine-1,2024-01-20 14:00:00
2942,71.97292265631206,43.14829942120316,1.676839687945524,43.41872274443315,Turbine,0.0,Turbine-1,2024-01-20 15:00:00
2944,75.22142545933936,27.252130824304835,2.135959151711183,50.89004110553482,Turbine,0.0,Turbine-1,2024-01-20 16:00:00
2946,67.25154699330207,22.944621606895893,1.602222585261587,71.43365982742418,Turbine,0.0,Turbine-1,2024-01-20 17:00:00
2948,77.75115121589086,37.0656218776091,0.8261576000262587,37.49168293515595,Turbine,0.0,Turbine-1,2024-01-20 18:00:00
2950,54.65885829264378,44.9474262248234,1.9615167186178648,41.582659310058986,Turbine,0.0,Turbine-1,2024-01-20 19:00:00
2952,63.180157520022014,24.279000834761717,1.5205897584744674,35.87317932993088,Turbine,0.0,Turbine-1,2024-01-20 20:00:00
2954,58.7394603908895,34.06809317895172,0.8572172031444447,49.3248599247171,Turbine,0.0,Turbine-1,2024-01-20 21:00:00
2956,56.10427533236404,42.40541406171096,2.146994606645834,56.57912631592761,Turbine,0.0,Turbine-1,2024-01-20 22:00:00
2958,51.33460048639384,37.19128869477744,1.1485835935322797,52.15531979794083,Turbine,0.0,Turbine-1,2024-01-20 23:00:00
2960,81.06231558859969,41.08953898161207,0.9324402902943804,54.77211245655397,Turbine,0.0,Turbine-1,2024-01-21 00:00:00
2962,69.72695460490068,43.46240806033535,1.5629619102427277,56.220649049902,Turbine,0.0,Turbine-1,2024-01-21 01:00:00
2964,83.95683810789956,29.122631250585123,1.6215515291642073,48.861796738164166,Turbine,0.0,Turbine-1,2024-01-21 02:00:00
2966,71.39060398653417,35.824940659565094,1.514587213384048,51.9418090559442,Turbine,0.0,Turbine-1,2024-01-21 03:00:00
2968,71.16830174172183,35.549445677204304,1.5235601359054618,47.27694249009589,Turbine,0.0,Turbine-1,2024-01-21 04:00:00
2970,134.29546700688823,63.15319025098274,0.237599830735205,64.78726962972354,Turbine,1.0,Turbine-1,2024-01-21 05:00:00
2972,69.86162253905762,40.61458432434675,1.4144144023792329,42.53878987414964,Turbine,0.0,Turbine-1,2024-01-21 06:00:00
2974,69.74425687808005,37.779179891478094,2.0497078008964684,57.5469375030858,Turbine,0.0,Turbine-1,2024-01-21 07:00:00
2976,62.76009668257391,47.80726393511132,1.562389289838706,50.43587663941784,Turbine,0.0,Turbine-1,2024-01-21 08:00:00
2978,72.38789159026514,48.111684220798665,1.1741479258908831,39.61026516285236,Turbine,0.0,Turbine-1,2024-01-21 09:00:00
2980,86.73363946152523,39.22907852267648,0.6656852867496071,65.12796068814725,Turbine,0.0,Turbine-1,2024-01-21 10:00:00
2982,59.24687606950762,37.33386180302647,0.8575276690225859,47.59267838255924,Turbine,0.0,Turbine-1,2024-01-21 11:00:00
2984,45.611828417235714,46.83585409488698,1.3593531736652154,50.69859796981761,Turbine,0.0,Turbine-1,2024-01-21 12:00:00
2986,68.48285566422771,37.68860330004277,1.7178415559622515,65.56656567654578,Turbine,0.0,Turbine-1,2024-01-21 13:00:00
2988,75.87391699806012,34.982030385943034,0.9483536285876868,43.346022356819255,Turbine,0.0,Turbine-1,2024-01-21 14:00:00
2990,44.81984447635227,12.016323696695316,2.0931852656726937,48.276619423450455,Turbine,1.0,Turbine-1,2024-01-21 15:00:00
2992,84.48820108337715,20.714069744429896,0.6281527464713815,49.787271503689055,Turbine,0.0,Turbine-1,2024-01-21 16:00:00
2994,63.36563842780512,34.801357486986824,1.6065452874344854,64.03804732840352,Turbine,0.0,Turbine-1,2024-01-21 17:00:00
2996,75.76556963055766,38.16298944948532,1.7966682998156818,50.38573241976254,Turbine,0.0,Turbine-1,2024-01-21 18:00:00
2998,88.23890132794985,18.48129123154793,2.9869074594298124,57.8974108381266,Turbine,1.0,Turbine-1,2024-01-21 19:00:00
